size1, size2, size3, timestamp
18, , , 1557395744
, 17, , 1557395745
, , 17, 1557395746
19, , , 1557395746
, 17, , 1557395747
, , 19, 1557395748
19, , , 1557395748
, 18, , 1557395750
, , 18, 1557395750
18, , , 1557395750
, 18, , 1557395752
, , 17, 1557395752
18, , , 1557395753
, 19, , 1557395754
, , 16, 1557395754
18, , , 1557395755
, 19, , 1557395756
, , 17, 1557395756
18, , , 1557395757
, 17, , 1557395758
, , 17, 1557395758
19, , , 1557395759
, 17, , 1557395760
, , 16, 1557395760
18, , , 1557395761
, 17, , 1557395762
, , 17, 1557395762
17, , , 1557395763
, 17, , 1557395764
, , 17, 1557395764
18, , , 1557395765
, 17, , 1557395766
, , 17, 1557395766
18, , , 1557395767
, 17, , 1557395768
, , 17, 1557395768
18, , , 1557395769
, 17, , 1557395770
, , 17, 1557395770
18, , , 1557395771
, 17, , 1557395772
, , 17, 1557395772
17, , , 1557395773
, 17, , 1557395774
, , 17, 1557395774
19, , , 1557395775
, 17, , 1557395776
, , 17, 1557395776
17, , , 1557395777
, 17, , 1557395778
, , 17, 1557395778
18, , , 1557395779
, 17, , 1557395780
, , 17, 1557395780
18, , , 1557395781
, 17, , 1557395782
, , 18, 1557395783
21, , , 1557395783
, 17, , 1557395784
, , 18, 1557395785
19, , , 1557395785
, 17, , 1557395786
, , 19, 1557395787
18, , , 1557395787
, 17, , 1557395789
, , 18, 1557395789
18, , , 1557395789
, 17, , 1557395791
, , 24, 1557395791
18, , , 1557395792
, 17, , 1557395793
, , 16, 1557395793
18, , , 1557395794
, 16, , 1557395795
, , 17, 1557395795
18, , , 1557395796
, 18, , 1557395797
, , 16, 1557395797
23, , , 1557395798
, 17, , 1557395799
, , 17, 1557395799
22, , , 1557395800
, 17, , 1557395801
, , 17, 1557395801
20, , , 1557395802
, 20, , 1557395803
, , 17, 1557395803
18, , , 1557395804
, 16, , 1557395805
, , 17, 1557395805
19, , , 1557395806
, 18, , 1557395807
, , 17, 1557395807
18, , , 1557395808
, 17, , 1557395809
, , 17, 1557395809
18, , , 1557395810
, 16, , 1557395811
, , 17, 1557395811
19, , , 1557395812
, 17, , 1557395813
, , 17, 1557395813
19, , , 1557395814
, 17, , 1557395815
, , 17, 1557395815
18, , , 1557395816
, 17, , 1557395817
, , 17, 1557395817
18, , , 1557395818
, 18, , 1557395819
, , 17, 1557395819
18, , , 1557395820
, 19, , 1557395821
, , 17, 1557395822
18, , , 1557395822
, 16, , 1557395823
, , 17, 1557395824
18, , , 1557395824
, 17, , 1557395825
, , 17, 1557395826
18, , , 1557395827
, 17, , 1557395828
, , 17, 1557395828
18, , , 1557395829
, 17, , 1557395830
, , 17, 1557395830
18, , , 1557395831
, 17, , 1557395832
, , 17, 1557395832
18, , , 1557395833
, 17, , 1557395834
, , 17, 1557395834
18, , , 1557395835
, 17, , 1557395836
, , 22, 1557395836
19, , , 1557395837
, 19, , 1557395838
, , 17, 1557395838
18, , , 1557395839
, 17, , 1557395840
, , 17, 1557395840
18, , , 1557395841
, 17, , 1557395842
, , 17, 1557395842
18, , , 1557395843
, 17, , 1557395844
, , 17, 1557395844
19, , , 1557395845
, 19, , 1557395846
, , 17, 1557395846
20, , , 1557395847
, 17, , 1557395848
, , 17, 1557395848
18, , , 1557395849
, 17, , 1557395850
, , 17, 1557395850
18, , , 1557395851
, 17, , 1557395852
, , 17, 1557395852
18, , , 1557395853
, 17, , 1557395854
, , 17, 1557395854
18, , , 1557395855
, 17, , 1557395856
, , 17, 1557395856
18, , , 1557395857
, 18, , 1557395858
, , 17, 1557395858
19, , , 1557395859
, 17, , 1557395860
, , 17, 1557395861
18, , , 1557395861
, 17, , 1557395862
, , 17, 1557395863
17, , , 1557395863
, 17, , 1557395899
, , 17, 1557395900
18, , , 1557395900
, 17, , 1557395901
, , 17, 1557395902
17, , , 1557395902
, 16, , 1557395904
, , 17, 1557395904
18, , , 1557395905
, 17, , 1557395906
, , 17, 1557395906
18, , , 1557395907
, 17, , 1557395908
, , 17, 1557395908
18, , , 1557395909
, 18, , 1557395910
, , 17, 1557395910
18, , , 1557395911
, 17, , 1557395912
, , 17, 1557395912
18, , , 1557395913
, 17, , 1557395914
, , 17, 1557395914
18, , , 1557395915
, 17, , 1557395916
, , 17, 1557395916
17, , , 1557395917
, 18, , 1557395918
, , 17, 1557395918
18, , , 1557395919
, 17, , 1557395920
, , 17, 1557395920
18, , , 1557395921
, 17, , 1557395922
, , 17, 1557395922
18, , , 1557395923
, 17, , 1557395924
, , 17, 1557395924
18, , , 1557395925
, 18, , 1557395926
, , 18, 1557395926
20, , , 1557395927
, 17, , 1557395928
, , 17, 1557395928
18, , , 1557395929
, 17, , 1557395930
, , 17, 1557395930
19, , , 1557395931
, 20, , 1557395932
, , 17, 1557395932
21, , , 1557395933
, 19, , 1557395934
, , 17, 1557395934
18, , , 1557395935
, 17, , 1557395936
, , 17, 1557395937
19, , , 1557395937
, 17, , 1557395938
, , 17, 1557395939
19, , , 1557395939
, 17, , 1557395941
, , 17, 1557395941
17, , , 1557395941
, 17, , 1557395943
, , 17, 1557395943
18, , , 1557395944
, 17, , 1557395945
, , 17, 1557395945
17, , , 1557395946
, 17, , 1557395947
, , 17, 1557395947
18, , , 1557395948
, 17, , 1557395949
, , 17, 1557395949
18, , , 1557395950
, 17, , 1557395951
, , 17, 1557395951
18, , , 1557395952
, 17, , 1557395953
, , 16, 1557395953
18, , , 1557395954
, 17, , 1557395955
, , 17, 1557395955
19, , , 1557395956
, 18, , 1557395957
, , 17, 1557395957
18, , , 1557395958
, 17, , 1557395959
, , 17, 1557395959
18, , , 1557395960
, 16, , 1557395961
, , 17, 1557395961
19, , , 1557395962
, 17, , 1557395963
, , 17, 1557395963
18, , , 1557395964
, 17, , 1557395965
, , 17, 1557395965
18, , , 1557395966
, 17, , 1557395967
, , 17, 1557395967
18, , , 1557395968
, 17, , 1557395969
, , 17, 1557395969
18, , , 1557395970
, 17, , 1557395971
, , 18, 1557395971
18, , , 1557395972
, 17, , 1557395973
, , 20, 1557395973
18, , , 1557395974
, 17, , 1557395975
, , 17, 1557395976
18, , , 1557395976
, 17, , 1557395977
, , 17, 1557395978
18, , , 1557395978
, 17, , 1557395980
, , 17, 1557395980
18, , , 1557395980
, 16, , 1557395982
, , 16, 1557395982
18, , , 1557395983
, 17, , 1557395984
, , 17, 1557395984
18, , , 1557395985
, 17, , 1557395986
, , 16, 1557395986
18, , , 1557395987
, 18, , 1557395988
, , 16, 1557395988
18, , , 1557395989
, 17, , 1557395990
, , 17, 1557395990
18, , , 1557395991
, 17, , 1557395992
, , 17, 1557395992
18, , , 1557395993
, 16, , 1557395994
, , 17, 1557395994
18, , , 1557395995
, 17, , 1557395996
, , 17, 1557395996
18, , , 1557395997
, 17, , 1557395998
, , 17, 1557395998
18, , , 1557395999
, 16, , 1557396000
, , 16, 1557396000
18, , , 1557396001
, 17, , 1557396002
, , 17, 1557396002
18, , , 1557396003
, 17, , 1557396004
, , 16, 1557396004
18, , , 1557396005
, 16, , 1557396006
, , 17, 1557396006
18, , , 1557396007
, 16, , 1557396008
, , 17, 1557396008
18, , , 1557396009
, 17, , 1557396010
, , 17, 1557396010
18, , , 1557396011
, 17, , 1557396012
, , 17, 1557396013
18, , , 1557396013
, 17, , 1557396014
, , 17, 1557396015
19, , , 1557396015
, 17, , 1557396017
, , 17, 1557396017
18, , , 1557396017
, 17, , 1557396053
, , 17, 1557396054
18, , , 1557396054
, 17, , 1557396056
, , 17, 1557396056
18, , , 1557396056
, 17, , 1557396058
, , 17, 1557396058
18, , , 1557396059
, 17, , 1557396060
, , 17, 1557396060
18, , , 1557396061
, 17, , 1557396062
, , 17, 1557396062
18, , , 1557396063
, 16, , 1557396064
, , 22, 1557396064
18, , , 1557396065
, 19, , 1557396066
, , 17, 1557396066
24, , , 1557396067
, 20, , 1557396068
, , 17, 1557396068
18, , , 1557396069
, 17, , 1557396070
, , 17, 1557396070
19, , , 1557396071
, 17, , 1557396072
, , 17, 1557396072
23, , , 1557396073
, 18, , 1557396074
, , 17, 1557396074
19, , , 1557396075
, 18, , 1557396076
, , 18, 1557396076
19, , , 1557396077
, 17, , 1557396078
, , 17, 1557396078
17, , , 1557396079
, 17, , 1557396080
, , 17, 1557396080
18, , , 1557396081
, 17, , 1557396082
, , 18, 1557396082
17, , , 1557396083
, 16, , 1557396084
, , 17, 1557396084
18, , , 1557396085
, 16, , 1557396086
, , 17, 1557396086
18, , , 1557396087
, 17, , 1557396088
, , 16, 1557396088
18, , , 1557396089
, 17, , 1557396090
, , 17, 1557396091
18, , , 1557396091
, 16, , 1557396093
, , 17, 1557396093
18, , , 1557396093
, 16, , 1557396095
, , 17, 1557396095
18, , , 1557396096
, 17, , 1557396097
, , 17, 1557396097
18, , , 1557396098
, 16, , 1557396099
, , 17, 1557396099
18, , , 1557396100
, 17, , 1557396101
, , 17, 1557396101
18, , , 1557396102
, 17, , 1557396103
, , 17, 1557396103
18, , , 1557396104
, 17, , 1557396105
, , 17, 1557396105
18, , , 1557396106
, 19, , 1557396107
, , 17, 1557396107
18, , , 1557396108
, 17, , 1557396109
, , 19, 1557396109
18, , , 1557396110
, , 17, 1557396111
, 19, , 1557396111
18, , , 1557396112
, 18, , 1557396113
, , 17, 1557396113
24, , , 1557396114
, 20, , 1557396115
, , 17, 1557396115
18, , , 1557396116
, 17, , 1557396117
, , 17, 1557396117
20, , , 1557396118
, 17, , 1557396119
, , 17, 1557396119
19, , , 1557396120
, 17, , 1557396121
, , 17, 1557396121
18, , , 1557396122
, 17, , 1557396123
, , 17, 1557396123
18, , , 1557396124
, 17, , 1557396125
, , 16, 1557396125
18, , , 1557396126
, 17, , 1557396127
, , 17, 1557396128
19, , , 1557396128
, 17, , 1557396129
, , 17, 1557396130
18, , , 1557396130
, 17, , 1557396132
, , 17, 1557396132
18, , , 1557396132
, 17, , 1557396134
, , 17, 1557396134
18, , , 1557396135
, 16, , 1557396136
, , 17, 1557396136
20, , , 1557396137
, 17, , 1557396138
, , 17, 1557396138
18, , , 1557396139
, 16, , 1557396140
, , 16, 1557396140
18, , , 1557396141
, 16, , 1557396142
, , 17, 1557396142
18, , , 1557396143
, 16, , 1557396144
, , 17, 1557396144
18, , , 1557396145
, 17, , 1557396146
, , 17, 1557396146
19, , , 1557396147
, 17, , 1557396148
, , 16, 1557396148
18, , , 1557396149
, 17, , 1557396150
, , 17, 1557396150
18, , , 1557396151
, 17, , 1557396152
, , 17, 1557396152
18, , , 1557396153
, 17, , 1557396154
, , 18, 1557396154
18, , , 1557396155
, 20, , 1557396156
, , 18, 1557396156
17, , , 1557396157
, 18, , 1557396158
, , 17, 1557396158
19, , , 1557396159
, 16, , 1557396160
, , 17, 1557396160
18, , , 1557396161
, 18, , 1557396162
, , 17, 1557396162
18, , , 1557396163
, 17, , 1557396164
, , 18, 1557396164
18, , , 1557396165
, 17, , 1557396166
, , 16, 1557396167
18, , , 1557396167
, 17, , 1557396169
, , 17, 1557396169
19, , , 1557396169
, 17, , 1557396171
, , 17, 1557396171
17, , , 1557396171
, 17, , 1557396173
, , 17, 1557396173
, , 17, 1557396214
18, , , 1557396215
, 17, , 1557396216
, , 17, 1557396216
18, , , 1557396217
, 17, , 1557396218
, , 17, 1557396218
18, , , 1557396219
, 17, , 1557396220
, , 16, 1557396220
18, , , 1557396221
, 17, , 1557396222
, , 17, 1557396222
18, , , 1557396223
, 16, , 1557396224
, , 17, 1557396224
18, , , 1557396225
, 18, , 1557396226
, , 17, 1557396226
18, , , 1557396227
, 17, , 1557396228
, , 17, 1557396228
18, , , 1557396229
, 17, , 1557396230
, , 17, 1557396230
18, , , 1557396231
, 17, , 1557396232
, , 16, 1557396232
18, , , 1557396233
, 16, , 1557396234
, , 17, 1557396234
18, , , 1557396235
, 17, , 1557396236
, , 17, 1557396236
18, , , 1557396237
, 17, , 1557396238
, , 17, 1557396238
18, , , 1557396239
, 17, , 1557396240
, , 17, 1557396240
18, , , 1557396241
, 16, , 1557396242
, , 23, 1557396243
18, , , 1557396243
, 18, , 1557396245
, , 17, 1557396245
18, , , 1557396245
, 17, , 1557396247
, , 17, 1557396247
18, , , 1557396247
, 17, , 1557396249
, , 17, 1557396249
18, , , 1557396250
, 17, , 1557396251
, , 17, 1557396251
18, , , 1557396252
, 17, , 1557396253
, , 17, 1557396253
18, , , 1557396254
, 17, , 1557396255
, , 17, 1557396255
18, , , 1557396256
, 17, , 1557396257
, , 16, 1557396257
18, , , 1557396258
, 17, , 1557396259
, , 17, 1557396259
18, , , 1557396260
, 18, , 1557396261
, , 17, 1557396261
18, , , 1557396262
, 16, , 1557396263
, , 17, 1557396263
18, , , 1557396264
, 18, , 1557396265
, , 17, 1557396265
18, , , 1557396266
, 17, , 1557396267
, , 17, 1557396267
18, , , 1557396268
, 17, , 1557396269
, , 17, 1557396269
18, , , 1557396270
, 17, , 1557396271
, , 17, 1557396271
19, , , 1557396272
, 17, , 1557396273
, , 17, 1557396273
18, , , 1557396274
, 17, , 1557396275
, , 17, 1557396275
18, , , 1557396276
, 17, , 1557396277
, , 17, 1557396277
18, , , 1557396278
, 17, , 1557396279
, , 17, 1557396279
18, , , 1557396280
, 17, , 1557396281
, , 17, 1557396282
18, , , 1557396282
, 17, , 1557396284
, , 17, 1557396284
18, , , 1557396284
, 17, , 1557396286
, , 16, 1557396286
18, , , 1557396287
, 17, , 1557396288
, , 18, 1557396288
19, , , 1557396289
, 18, , 1557396290
, , 17, 1557396290
19, , , 1557396291
, 16, , 1557396292
, , 17, 1557396292
18, , , 1557396293
, 19, , 1557396294
, , 17, 1557396294
18, , , 1557396295
, 20, , 1557396296
, , 16, 1557396296
18, , , 1557396297
, 17, , 1557396298
, , 17, 1557396298
19, , , 1557396299
, 18, , 1557396300
, , 17, 1557396300
18, , , 1557396301
, 17, , 1557396302
, , 17, 1557396302
18, , , 1557396303
, 16, , 1557396304
, , 17, 1557396304
18, , , 1557396305
, 17, , 1557396306
, , 17, 1557396306
18, , , 1557396307
, 17, , 1557396308
, , 17, 1557396308
18, , , 1557396309
, 17, , 1557396310
, , 17, 1557396310
18, , , 1557396311
, 17, , 1557396312
, , 17, 1557396312
18, , , 1557396313
, 18, , 1557396314
, , 17, 1557396314
19, , , 1557396315
, 17, , 1557396316
, , 17, 1557396316
18, , , 1557396317
, 17, , 1557396318
, , 17, 1557396318
18, , , 1557396319
, 17, , 1557396321
, , 17, 1557396321
18, , , 1557396321
, 17, , 1557396323
, , 17, 1557396323
18, , , 1557396323
, 17, , 1557396325
, , 17, 1557396325
18, , , 1557396326
, 17, , 1557396327
, , 17, 1557396327
18, , , 1557396328
, 22, , 1557396329
, , 18, 1557396329
18, , , 1557396330
, 17, , 1557396331
, , 17, 1557396331
18, , , 1557396332
, 18, , 1557396333
, , 19, 1557396333
18, , , 1557396334
, 20, , 1557396335
, , 18, 1557396335
, 17, , 1557396372
, , 18, 1557396372
18, , , 1557396373
, 17, , 1557396374
, , 17, 1557396374
18, , , 1557396375
, 16, , 1557396376
, , 17, 1557396376
20, , , 1557396377
, 17, , 1557396378
, , 18, 1557396378
18, , , 1557396379
, 17, , 1557396380
, , 18, 1557396380
18, , , 1557396381
, 18, , 1557396382
, , 18, 1557396382
19, , , 1557396383
, 17, , 1557396384
, , 16, 1557396384
20, , , 1557396385
, 17, , 1557396386
, , 17, 1557396386
18, , , 1557396387
, 17, , 1557396388
, , 17, 1557396388
18, , , 1557396389
, 17, , 1557396390
, , 17, 1557396390
18, , , 1557396391
, 17, , 1557396392
, , 17, 1557396392
18, , , 1557396393
, 17, , 1557396394
, , 16, 1557396394
18, , , 1557396395
, 19, , 1557396397
, , 17, 1557396397
18, , , 1557396397
, 17, , 1557396399
, , 17, 1557396399
18, , , 1557396399
, 17, , 1557396401
, , 17, 1557396401
18, , , 1557396402
, 16, , 1557396403
, , 17, 1557396403
18, , , 1557396404
, 17, , 1557396405
, , 17, 1557396405
21, , , 1557396406
, , 17, 1557396407
18, , , 1557396408
, 17, , 1557396408
, 18, , 1557396409
, , 17, 1557396409
19, , , 1557396410
, , 17, 1557396411
, 17, , 1557396411
18, , , 1557396412
, 18, , 1557396413
, , 17, 1557396413
18, , , 1557396414
, 17, , 1557396415
, , 17, 1557396415
18, , , 1557396416
, 17, , 1557396417
, , 17, 1557396417
18, , , 1557396418
, 17, , 1557396419
, , 17, 1557396419
18, , , 1557396420
, 17, , 1557396421
, , 17, 1557396421
19, , , 1557396422
, 16, , 1557396423
, , 23, 1557396423
19, , , 1557396424
, 23, , 1557396425
, , 16, 1557396425
19, , , 1557396426
, 19, , 1557396427
, , 18, 1557396427
18, , , 1557396428
, 17, , 1557396429
, , 17, 1557396429
26, , , 1557396430
, 18, , 1557396431
, , 17, 1557396431
20, , , 1557396432
, 16, , 1557396433
, , 17, 1557396433
18, , , 1557396434
, , 17, 1557396436
, 17, , 1557396436
18, , , 1557396436
, , 17, 1557396438
, 17, , 1557396438
19, , , 1557396438
, 17, , 1557396440
, , 17, 1557396440
18, , , 1557396441
, 17, , 1557396442
, , 17, 1557396442
19, , , 1557396443
, 16, , 1557396444
, , 17, 1557396444
18, , , 1557396445
, 17, , 1557396446
, , 17, 1557396446
18, , , 1557396447
, 17, , 1557396448
, , 17, 1557396448
18, , , 1557396449
, 17, , 1557396450
, , 17, 1557396450
18, , , 1557396451
, 17, , 1557396452
, , 17, 1557396452
19, , , 1557396453
, 17, , 1557396454
, , 17, 1557396454
18, , , 1557396455
, 17, , 1557396456
, , 17, 1557396456
18, , , 1557396457
, 17, , 1557396458
, , 17, 1557396458
18, , , 1557396459
, 17, , 1557396460
, , 17, 1557396460
18, , , 1557396461
, 17, , 1557396462
, , 17, 1557396462
18, , , 1557396463
, 17, , 1557396464
, , 17, 1557396464
18, , , 1557396465
, 18, , 1557396466
, , 17, 1557396466
18, , , 1557396467
, 17, , 1557396468
, , 17, 1557396468
18, , , 1557396469
, 17, , 1557396471
, , 17, 1557396471
20, , , 1557396471
, , 21, 1557396473
, 19, , 1557396473
18, , , 1557396473
, , 17, 1557396475
, 18, , 1557396475
18, , , 1557396475
, , 17, 1557396477
, 17, , 1557396477
18, , , 1557396478
, 17, , 1557396479
, , 17, 1557396479
18, , , 1557396480
, , 17, 1557396481
, 17, , 1557396481
18, , , 1557396482
, , 17, 1557396483
, 17, , 1557396483
18, , , 1557396484
, , 17, 1557396485
, 17, , 1557396485
18, , , 1557396486
, 17, , 1557396487
, , 17, 1557396487
18, , , 1557396488
, , 18, 1557396489
, 17, , 1557396489
18, , , 1557396490
, , 17, 1557396491
, 17, , 1557396491
, , 17, 1557396530
, 17, , 1557396530
18, , , 1557396531
, , 17, 1557396532
, 17, , 1557396532
18, , , 1557396533
, 17, , 1557396534
, , 17, 1557396534
18, , , 1557396535
, , 17, 1557396536
, 17, , 1557396536
18, , , 1557396537
, , 17, 1557396538
, 17, , 1557396538
18, , , 1557396539
, , 16, 1557396540
, 17, , 1557396540
18, , , 1557396541
, , 17, 1557396542
, 17, , 1557396542
17, , , 1557396543
, , 17, 1557396544
, 17, , 1557396544
18, , , 1557396545
, , 16, 1557396546
, 17, , 1557396546
18, , , 1557396547
, , 17, 1557396548
, 17, , 1557396549
18, , , 1557396549
, , 17, 1557396551
, 17, , 1557396551
19, , , 1557396551
, , 17, 1557396553
, 17, , 1557396553
18, , , 1557396553
, , 17, 1557396555
, 17, , 1557396555
19, , , 1557396556
, , 17, 1557396557
, 17, , 1557396557
17, , , 1557396558
, , 17, 1557396559
, 17, , 1557396559
18, , , 1557396560
, , 19, 1557396561
, 17, , 1557396561
18, , , 1557396562
, , 16, 1557396563
, 21, , 1557396563
18, , , 1557396564
, , 17, 1557396565
, 17, , 1557396565
22, , , 1557396566
, , 18, 1557396567
, 17, , 1557396567
18, , , 1557396568
, , 17, 1557396569
, 17, , 1557396569
18, , , 1557396570
, , 17, 1557396571
, 18, , 1557396571
18, , , 1557396572
, , 17, 1557396573
, 18, , 1557396573
18, , , 1557396574
, , 17, 1557396575
, 16, , 1557396575
19, , , 1557396576
, , 17, 1557396577
, 19, , 1557396577
19, , , 1557396578
, , 17, 1557396579
, 17, , 1557396579
18, , , 1557396580
, , 17, 1557396581
, 17, , 1557396581
18, , , 1557396582
, , 18, 1557396583
, 18, , 1557396583
18, , , 1557396584
, , 17, 1557396585
, 17, , 1557396585
19, , , 1557396586
, , 17, 1557396588
, 17, , 1557396588
18, , , 1557396588
, , 16, 1557396590
, 17, , 1557396590
19, , , 1557396590
, , 16, 1557396592
, 16, , 1557396592
18, , , 1557396593
, , 17, 1557396594
, 17, , 1557396594
19, , , 1557396595
, , 17, 1557396596
, 17, , 1557396596
18, , , 1557396597
, 17, , 1557396598
, , 17, 1557396598
18, , , 1557396599
, , 17, 1557396600
, 17, , 1557396600
19, , , 1557396601
, , 17, 1557396602
, 17, , 1557396602
18, , , 1557396603
, , 17, 1557396604
, 17, , 1557396604
18, , , 1557396605
, , 23, 1557396606
, 17, , 1557396606
18, , , 1557396607
, , 19, 1557396608
, 20, , 1557396608
18, , , 1557396609
, , 17, 1557396610
, 16, , 1557396610
21, , , 1557396611
, , 17, 1557396612
, 17, , 1557396612
19, , , 1557396613
, , 17, 1557396614
, 17, , 1557396614
18, , , 1557396615
, , 21, 1557396616
, 22, , 1557396616
18, , , 1557396617
, , 17, 1557396618
, 17, , 1557396618
18, , , 1557396619
, , 17, 1557396620
, 17, , 1557396620
18, , , 1557396621
, , 17, 1557396622
, 18, , 1557396622
18, , , 1557396623
, , 17, 1557396624
, 18, , 1557396625
18, , , 1557396625
, , 17, 1557396627
, 17, , 1557396627
18, , , 1557396627
, , 17, 1557396629
, 17, , 1557396629
18, , , 1557396629
, , 17, 1557396631
, 16, , 1557396631
18, , , 1557396632
, , 17, 1557396633
, 17, , 1557396633
18, , , 1557396634
, , 17, 1557396635
, 17, , 1557396635
18, , , 1557396636
, , 16, 1557396637
, 21, , 1557396637
18, , , 1557396638
, , 17, 1557396639
, 17, , 1557396639
19, , , 1557396640
, , 17, 1557396641
, 17, , 1557396641
18, , , 1557396642
, , 17, 1557396643
, 18, , 1557396643
18, , , 1557396644
, , 17, 1557396645
, 17, , 1557396645
18, , , 1557396646
, , 17, 1557396647
, 18, , 1557396647
19, , , 1557396648
, , 17, 1557396649
, 18, , 1557396649
18, , , 1557396650
, , 17, 1557396651
, 18, , 1557396651
18, , , 1557396652
, , 17, 1557396653
, 18, , 1557396653
, , 17, 1557396692
, 16, , 1557396692
18, , , 1557396693
, , 17, 1557396694
, 20, , 1557396694
18, , , 1557396695
, , 17, 1557396696
, 16, , 1557396696
17, , , 1557396697
, , 17, 1557396698
, 16, , 1557396698
18, , , 1557396699
, , 17, 1557396700
, 17, , 1557396701
17, , , 1557396702
, , 17, 1557396703
, 17, , 1557396703
24, , , 1557396703
, , 16, 1557396705
, 16, , 1557396705
19, , , 1557396705
, , 17, 1557396707
, 17, , 1557396707
18, , , 1557396708
, , 16, 1557396709
, 17, , 1557396709
20, , , 1557396710
, , 17, 1557396711
, 16, , 1557396711
18, , , 1557396712
, , 16, 1557396713
, 17, , 1557396713
18, , , 1557396714
, , 17, 1557396715
, 17, , 1557396715
20, , , 1557396716
, , 17, 1557396717
, 17, , 1557396717
18, , , 1557396718
, , 17, 1557396719
, 17, , 1557396719
18, , , 1557396720
, , 17, 1557396721
, 17, , 1557396721
18, , , 1557396722
, , 17, 1557396723
, 17, , 1557396723
18, , , 1557396724
, , 17, 1557396725
, 17, , 1557396725
18, , , 1557396726
, , 17, 1557396727
, 17, , 1557396727
18, , , 1557396728
, , 17, 1557396729
, 17, , 1557396729
18, , , 1557396730
, , 17, 1557396731
, 17, , 1557396731
20, , , 1557396732
, , 17, 1557396733
, 17, , 1557396733
21, , , 1557396734
, , 17, 1557396735
, 17, , 1557396735
19, , , 1557396736
, , 17, 1557396737
, 19, , 1557396737
18, , , 1557396738
, , 17, 1557396739
, 17, , 1557396740
18, , , 1557396740
, , 21, 1557396742
, 18, , 1557396742
18, , , 1557396742
, , 19, 1557396744
, 16, , 1557396744
18, , , 1557396744
, , 17, 1557396746
, 17, , 1557396746
21, , , 1557396747
, , 16, 1557396748
, 17, , 1557396748
18, , , 1557396749
, , 17, 1557396750
, 18, , 1557396750
21, , , 1557396751
, , 17, 1557396752
, 18, , 1557396752
18, , , 1557396753
, , 17, 1557396754
, 18, , 1557396754
18, , , 1557396755
, , 16, 1557396756
, 17, , 1557396756
18, , , 1557396757
, , 17, 1557396758
, 16, , 1557396758
18, , , 1557396759
, , 17, 1557396760
, 17, , 1557396760
19, , , 1557396761
, , 16, 1557396762
, 17, , 1557396762
17, , , 1557396763
, , 17, 1557396764
, 17, , 1557396764
18, , , 1557396765
, , 16, 1557396766
, 17, , 1557396766
18, , , 1557396767
, , 17, 1557396768
, 17, , 1557396768
18, , , 1557396769
, , 17, 1557396770
, 17, , 1557396770
19, , , 1557396771
, , 17, 1557396772
, 17, , 1557396772
18, , , 1557396773
, , 17, 1557396774
, 17, , 1557396774
18, , , 1557396775
, , 17, 1557396776
, 17, , 1557396777
18, , , 1557396777
, , 17, 1557396778
, 17, , 1557396779
18, , , 1557396779
, , 17, 1557396781
, 17, , 1557396781
18, , , 1557396781
, 23, , 1557396783
, , 17, 1557396783
18, , , 1557396784
, , 17, 1557396785
, 18, , 1557396785
18, , , 1557396786
, 19, , 1557396787
, , 20, 1557396787
18, , , 1557396788
, , 20, 1557396789
, 18, , 1557396789
18, , , 1557396790
, , 16, 1557396791
, 16, , 1557396791
19, , , 1557396792
, , 17, 1557396793
, 17, , 1557396793
18, , , 1557396794
, , 17, 1557396795
, 17, , 1557396795
19, , , 1557396796
, , 17, 1557396797
, 17, , 1557396797
18, , , 1557396798
, , 17, 1557396799
, 17, , 1557396799
18, , , 1557396800
, , 17, 1557396801
, 17, , 1557396801
18, , , 1557396802
, , 17, 1557396803
, 17, , 1557396803
18, , , 1557396804
, , 17, 1557396805
, 17, , 1557396805
18, , , 1557396806
, , 21, 1557396807
, 17, , 1557396807
19, , , 1557396808
, , 17, 1557396809
, 17, , 1557396809
18, , , 1557396810
, , 17, 1557396811
, 23, , 1557396811
, , 17, 1557396846
, 17, , 1557396846
19, , , 1557396847
, , 16, 1557396848
, 18, , 1557396848
18, , , 1557396849
, , 17, 1557396850
, 17, , 1557396851
18, , , 1557396851
, , 17, 1557396852
, 19, , 1557396853
18, , , 1557396853
, , 17, 1557396854
, 17, , 1557396855
19, , , 1557396855
, , 18, 1557396857
, 18, , 1557396857
19, , , 1557396857
, , 17, 1557396859
, 17, , 1557396859
18, , , 1557396860
, , 17, 1557396861
, 16, , 1557396861
18, , , 1557396862
, , 16, 1557396863
, 17, , 1557396863
18, , , 1557396864
, , 17, 1557396865
, 21, , 1557396865
18, , , 1557396866
, , 17, 1557396867
, 17, , 1557396867
18, , , 1557396868
, , 17, 1557396869
, 16, , 1557396869
18, , , 1557396870
, , 17, 1557396871
, 17, , 1557396871
18, , , 1557396872
, , 17, 1557396873
, 19, , 1557396873
18, , , 1557396874
, , 17, 1557396875
, 17, , 1557396875
18, , , 1557396876
, , 17, 1557396877
, 17, , 1557396877
18, , , 1557396878
, , 18, 1557396879
, 17, , 1557396879
18, , , 1557396880
, , 17, 1557396881
, 17, , 1557396881
23, , , 1557396882
, , 17, 1557396883
, 17, , 1557396883
18, , , 1557396884
, , 17, 1557396885
, 16, , 1557396885
19, , , 1557396886
, , 17, 1557396887
, 18, , 1557396887
19, , , 1557396888
, , 17, 1557396889
, 17, , 1557396889
18, , , 1557396890
, , 17, 1557396891
, 17, , 1557396892
18, , , 1557396892
, , 17, 1557396894
, 17, , 1557396894
18, , , 1557396894
, , 17, 1557396896
, 19, , 1557396896
17, , , 1557396896
, , 17, 1557396898
, 17, , 1557396898
18, , , 1557396899
, , 17, 1557396900
, 17, , 1557396900
18, , , 1557396901
, , 17, 1557396902
, 16, , 1557396902
18, , , 1557396903
, , 17, 1557396904
, 17, , 1557396904
19, , , 1557396905
, , 17, 1557396906
, 18, , 1557396906
17, , , 1557396907
, , 17, 1557396908
, 17, , 1557396908
18, , , 1557396909
, , 16, 1557396910
, 16, , 1557396910
18, , , 1557396911
, , 17, 1557396912
, 17, , 1557396912
18, , , 1557396913
, , 17, 1557396914
, 17, , 1557396914
18, , , 1557396915
, , 16, 1557396916
, 17, , 1557396916
18, , , 1557396917
, , 17, 1557396918
, 17, , 1557396918
18, , , 1557396919
, , 16, 1557396920
, 20, , 1557396920
18, , , 1557396921
, , 17, 1557396922
, 18, , 1557396922
18, , , 1557396923
, , 17, 1557396924
, 20, , 1557396924
18, , , 1557396925
, , 17, 1557396926
, 16, , 1557396926
21, , , 1557396927
, , 17, 1557396928
, 17, , 1557396929
18, , , 1557396929
, , 17, 1557396930
, 17, , 1557396931
18, , , 1557396931
, , 17, 1557396933
, 17, , 1557396933
18, , , 1557396933
, , 17, 1557396935
, 17, , 1557396935
18, , , 1557396935
, , 17, 1557396937
, 18, , 1557396937
18, , , 1557396938
, , 17, 1557396939
, 17, , 1557396939
18, , , 1557396940
, , 17, 1557396941
, 17, , 1557396941
18, , , 1557396942
, , 17, 1557396943
, 16, , 1557396943
18, , , 1557396944
, , 16, 1557396945
, 17, , 1557396945
18, , , 1557396946
, , 16, 1557396947
, 17, , 1557396947
18, , , 1557396948
, , 17, 1557396949
, 16, , 1557396949
23, , , 1557396950
, , 17, 1557396951
, 18, , 1557396951
18, , , 1557396952
, , 17, 1557396953
, 17, , 1557396953
18, , , 1557396954
, , 17, 1557396955
, 17, , 1557396955
18, , , 1557396956
, , 17, 1557396957
, 17, , 1557396957
18, , , 1557396958
, , 17, 1557396959
, 17, , 1557396959
18, , , 1557396960
, , 18, 1557396961
, 17, , 1557396961
18, , , 1557396962
, , 17, 1557396963
, 17, , 1557396963
18, , , 1557396964
, , 17, 1557396965
, 17, , 1557396966
18, , , 1557396966
, , 19, 1557396967
, 18, , 1557396968
19, , , 1557396968
, , 17, 1557397004
, 17, , 1557397005
19, , , 1557397005
, , 16, 1557397006
, 17, , 1557397007
19, , , 1557397007
, , 17, 1557397008
, 16, , 1557397009
19, , , 1557397009
, , 17, 1557397011
, 17, , 1557397011
18, , , 1557397011
, , 17, 1557397013
, 17, , 1557397013
18, , , 1557397014
, , 17, 1557397015
, 16, , 1557397015
18, , , 1557397016
, , 17, 1557397017
, 17, , 1557397017
18, , , 1557397018
, , 17, 1557397019
, 17, , 1557397019
19, , , 1557397020
, , 17, 1557397021
, 17, , 1557397021
19, , , 1557397022
, , 17, 1557397023
, 17, , 1557397023
17, , , 1557397024
, , 17, 1557397025
, 17, , 1557397025
18, , , 1557397026
, , 17, 1557397027
, 17, , 1557397027
18, , , 1557397028
, , 17, 1557397029
, 17, , 1557397029
18, , , 1557397030
, , 16, 1557397031
, 17, , 1557397031
19, , , 1557397032
, , 17, 1557397033
, 17, , 1557397033
19, , , 1557397034
, , 17, 1557397035
, 17, , 1557397035
20, , , 1557397036
, , 18, 1557397037
, 18, , 1557397037
19, , , 1557397038
, , 17, 1557397039
, 18, , 1557397039
19, , , 1557397040
, , 17, 1557397041
, 17, , 1557397041
19, , , 1557397042
, , 17, 1557397043
, 17, , 1557397044
18, , , 1557397044
, , 17, 1557397045
, 17, , 1557397046
19, , , 1557397046
, , 17, 1557397048
, 17, , 1557397048
19, , , 1557397048
, , 18, 1557397050
, 16, , 1557397050
19, , , 1557397050
, , 17, 1557397052
, 21, , 1557397052
19, , , 1557397053
, , 17, 1557397054
, 18, , 1557397054
18, , , 1557397055
, , 17, 1557397056
, 20, , 1557397056
19, , , 1557397057
, , 23, 1557397058
, 19, , 1557397058
18, , , 1557397059
, , 18, 1557397060
, 17, , 1557397060
18, , , 1557397061
, , 17, 1557397062
, 17, , 1557397062
18, , , 1557397063
, , 17, 1557397064
, 16, , 1557397064
18, , , 1557397065
, , 16, 1557397066
, 17, , 1557397066
18, , , 1557397067
, , 17, 1557397068
, 17, , 1557397068
18, , , 1557397069
, , 17, 1557397070
, 17, , 1557397070
18, , , 1557397071
, , 17, 1557397072
, 17, , 1557397072
18, , , 1557397073
, , 17, 1557397074
, 17, , 1557397074
18, , , 1557397075
, , 17, 1557397076
, 16, , 1557397076
18, , , 1557397077
, , 17, 1557397078
, 17, , 1557397078
18, , , 1557397079
, , 17, 1557397080
, 17, , 1557397081
18, , , 1557397081
, , 17, 1557397082
, 17, , 1557397083
18, , , 1557397083
, , 17, 1557397084
, 17, , 1557397085
18, , , 1557397085
, , 17, 1557397087
, 17, , 1557397087
19, , , 1557397087
, , 17, 1557397089
, 17, , 1557397089
18, , , 1557397090
, , 18, 1557397091
, 16, , 1557397091
18, , , 1557397092
, , 17, 1557397093
, 17, , 1557397093
18, , , 1557397094
, , 17, 1557397095
, 17, , 1557397095
19, , , 1557397096
, , 17, 1557397097
, 18, , 1557397097
18, , , 1557397098
, , 17, 1557397099
, 16, , 1557397099
18, , , 1557397100
, , 16, 1557397101
, 17, , 1557397101
18, , , 1557397102
, , 22, 1557397103
, 17, , 1557397103
21, , , 1557397104
, , 17, 1557397105
, 17, , 1557397105
18, , , 1557397106
, , 17, 1557397107
, 17, , 1557397107
22, , , 1557397108
, , 17, 1557397109
, 17, , 1557397109
17, , , 1557397110
, , 17, 1557397111
, 17, , 1557397111
18, , , 1557397112
, , 17, 1557397113
, 17, , 1557397113
18, , , 1557397114
, , 17, 1557397115
, 17, , 1557397115
18, , , 1557397116
, , 17, 1557397117
, 17, , 1557397117
18, , , 1557397118
, , 16, 1557397119
, 17, , 1557397120
18, , , 1557397120
, , 17, 1557397121
, 18, , 1557397122
18, , , 1557397122
, , 16, 1557397124
, 17, , 1557397124
18, , , 1557397124
, , 19, 1557397126
, 17, , 1557397126
, , 17, 1557397163
, 17, , 1557397163
18, , , 1557397163
, , 17, 1557397165
, 18, , 1557397165
18, , , 1557397166
, , 17, 1557397167
, 16, , 1557397167
18, , , 1557397168
, , 17, 1557397169
19, , , 1557397170
, , 17, 1557397171
, 17, , 1557397171
, 18, , 1557397171
19, , , 1557397172
, , 17, 1557397173
, 17, , 1557397173
20, , , 1557397174
, , 18, 1557397175
, 17, , 1557397175
19, , , 1557397176
, , 17, 1557397177
, 17, , 1557397177
20, , , 1557397178
, , 18, 1557397179
, 17, , 1557397179
20, , , 1557397180
, , 17, 1557397181
, 18, , 1557397181
19, , , 1557397182
, , 18, 1557397183
, 17, , 1557397183
19, , , 1557397184
, , 18, 1557397185
, 17, , 1557397185
25, , , 1557397186
, , 17, 1557397187
, 21, , 1557397187
18, , , 1557397188
, , 17, 1557397189
, 17, , 1557397189
19, , , 1557397190
, , 18, 1557397191
, 17, , 1557397191
19, , , 1557397192
, , 20, 1557397193
, 17, , 1557397193
18, , , 1557397194
, , 18, 1557397195
, 16, , 1557397196
18, , , 1557397196
, , 19, 1557397197
, 17, , 1557397198
21, , , 1557397198
, , 18, 1557397199
, 17, , 1557397200
18, , , 1557397200
, , 17, 1557397202
, 17, , 1557397202
18, , , 1557397202
, , 17, 1557397204
, 16, , 1557397204
19, , , 1557397205
, , 18, 1557397206
, 17, , 1557397206
19, , , 1557397207
, , 17, 1557397208
, 17, , 1557397208
18, , , 1557397209
, , 17, 1557397210
, 17, , 1557397210
18, , , 1557397211
, , 17, 1557397212
, 17, , 1557397212
19, , , 1557397213
, , 17, 1557397214
, 17, , 1557397214
18, , , 1557397215
, , 17, 1557397216
, 17, , 1557397216
19, , , 1557397217
, , 17, 1557397218
, 19, , 1557397218
18, , , 1557397219
, , 17, 1557397220
, 16, , 1557397220
19, , , 1557397221
, , 17, 1557397222
, 17, , 1557397222
19, , , 1557397223
, , 17, 1557397224
, 18, , 1557397224
18, , , 1557397225
, , 17, 1557397226
, 17, , 1557397226
18, , , 1557397227
, , 17, 1557397228
, 17, , 1557397228
18, , , 1557397229
, , 17, 1557397230
, 21, , 1557397230
18, , , 1557397231
, , 17, 1557397232
, 19, , 1557397233
18, , , 1557397233
, , 17, 1557397234
, 17, , 1557397235
18, , , 1557397235
, , 17, 1557397236
, 17, , 1557397237
18, , , 1557397237
, , 17, 1557397238
, 17, , 1557397239
18, , , 1557397239
, , 17, 1557397241
, 17, , 1557397241
18, , , 1557397241
, , 17, 1557397243
, 17, , 1557397243
19, , , 1557397244
, , 17, 1557397245
, 16, , 1557397245
25, , , 1557397246
, , 17, 1557397247
, 18, , 1557397247
19, , , 1557397248
, , 17, 1557397249
, 17, , 1557397249
18, , , 1557397250
, , 17, 1557397251
, 17, , 1557397251
18, , , 1557397252
, , 17, 1557397253
, 17, , 1557397253
18, , , 1557397254
, , 17, 1557397255
, 17, , 1557397255
18, , , 1557397256
, , 17, 1557397257
, 16, , 1557397257
18, , , 1557397258
, , 17, 1557397259
, 16, , 1557397259
18, , , 1557397260
, , 17, 1557397261
, 17, , 1557397261
19, , , 1557397262
, , 17, 1557397263
, 17, , 1557397263
19, , , 1557397264
, , 17, 1557397265
, 17, , 1557397265
19, , , 1557397266
, , 17, 1557397267
, 17, , 1557397267
18, , , 1557397268
, , 17, 1557397269
, 17, , 1557397269
19, , , 1557397270
, , 17, 1557397271
, 17, , 1557397272
18, , , 1557397272
, , 17, 1557397273
, 17, , 1557397274
18, , , 1557397274
, , 17, 1557397275
, 22, , 1557397276
19, , , 1557397276
, , 17, 1557397278
, 19, , 1557397278
19, , , 1557397278
, , 17, 1557397280
, 17, , 1557397280
18, , , 1557397281
, , 17, 1557397282
, 17, , 1557397282
18, , , 1557397283
18, , , 1557397322
, , 17, 1557397323
, 18, , 1557397323
18, , , 1557397324
, , 17, 1557397325
, 16, , 1557397325
18, , , 1557397326
, , 17, 1557397327
, 17, , 1557397327
18, , , 1557397328
, , 23, 1557397329
, 16, , 1557397329
18, , , 1557397330
, , 17, 1557397331
, 17, , 1557397331
18, , , 1557397332
, , 17, 1557397333
, 17, , 1557397333
23, , , 1557397334
, , 17, 1557397335
, 17, , 1557397335
19, , , 1557397336
, , 17, 1557397337
, 17, , 1557397337
18, , , 1557397338
, , 17, 1557397339
, 17, , 1557397339
18, , , 1557397340
, , 17, 1557397341
, 17, , 1557397341
18, , , 1557397342
, , 17, 1557397343
, 17, , 1557397343
18, , , 1557397344
, , 17, 1557397345
, 17, , 1557397345
18, , , 1557397346
, , 17, 1557397347
, 17, , 1557397348
19, , , 1557397348
, , 17, 1557397349
, 17, , 1557397350
18, , , 1557397350
, , 17, 1557397351
, 18, , 1557397352
18, , , 1557397352
, , 18, 1557397353
, 17, , 1557397354
18, , , 1557397354
, , 17, 1557397356
, 17, , 1557397356
18, , , 1557397357
, , 17, 1557397358
, 17, , 1557397358
18, , , 1557397359
, , 17, 1557397360
, 17, , 1557397360
19, , , 1557397361
, , 17, 1557397362
, 17, , 1557397362
18, , , 1557397363
, , 17, 1557397364
, 17, , 1557397364
18, , , 1557397365
, , 17, 1557397366
, 17, , 1557397366
19, , , 1557397367
, , 18, 1557397368
, 19, , 1557397368
18, , , 1557397369
, , 17, 1557397370
, 17, , 1557397370
19, , , 1557397371
, , 17, 1557397372
, 16, , 1557397372
19, , , 1557397373
, , 19, 1557397374
, 17, , 1557397374
18, , , 1557397375
, , 18, 1557397376
, 17, , 1557397376
21, , , 1557397377
, , 17, 1557397378
, 17, , 1557397378
18, , , 1557397379
, , 17, 1557397380
, 17, , 1557397380
18, , , 1557397381
, , 17, 1557397382
, 17, , 1557397382
18, , , 1557397383
, , 17, 1557397384
, 17, , 1557397385
18, , , 1557397385
, , 17, 1557397386
, 17, , 1557397387
19, , , 1557397387
, , 17, 1557397388
, 16, , 1557397389
19, , , 1557397389
, , 17, 1557397390
, 17, , 1557397391
18, , , 1557397391
, , 17, 1557397393
, 17, , 1557397393
19, , , 1557397393
, , 18, 1557397395
, 17, , 1557397395
19, , , 1557397396
, , 16, 1557397397
, 22, , 1557397397
18, , , 1557397398
, , 18, 1557397399
, 17, , 1557397399
18, , , 1557397400
, , 17, 1557397401
, 17, , 1557397401
18, , , 1557397402
, , 17, 1557397403
, 17, , 1557397403
18, , , 1557397404
, , 17, 1557397405
, 17, , 1557397405
18, , , 1557397406
, , 17, 1557397407
, 16, , 1557397407
18, , , 1557397408
, , 17, 1557397409
, 19, , 1557397409
19, , , 1557397410
, , 17, 1557397411
, 17, , 1557397411
19, , , 1557397412
, , 17, 1557397413
, 17, , 1557397413
18, , , 1557397414
, , 17, 1557397415
, 17, , 1557397415
18, , , 1557397416
, , 17, 1557397417
, 16, , 1557397417
18, , , 1557397418
, , 21, 1557397419
, 17, , 1557397419
19, , , 1557397420
, , 21, 1557397421
, 17, , 1557397421
19, , , 1557397422
, , 19, 1557397423
, 17, , 1557397424
22, , , 1557397424
, , 17, 1557397425
, 17, , 1557397426
22, , , 1557397426
, , 17, 1557397427
, 18, , 1557397428
18, , , 1557397428
, , 17, 1557397429
, 17, , 1557397430
19, , , 1557397430
, , 17, 1557397432
, 16, , 1557397432
18, , , 1557397432
, , 17, 1557397434
, 17, , 1557397434
18, , , 1557397435
, , 17, 1557397436
, 16, , 1557397436
18, , , 1557397437
, , 17, 1557397438
, 17, , 1557397438
18, , , 1557397439
, , 18, 1557397440
, 17, , 1557397440
19, , , 1557397441
, , 17, 1557397442
, 17, , 1557397442
18, , , 1557397443
18, , , 1557397478
, , 17, 1557397479
, 17, , 1557397479
18, , , 1557397480
, , 17, 1557397481
, 17, , 1557397481
18, , , 1557397482
, , 18, 1557397483
, 17, , 1557397483
18, , , 1557397484
, , 17, 1557397485
, 17, , 1557397485
19, , , 1557397486
, , 16, 1557397487
, 17, , 1557397487
18, , , 1557397488
, , 18, 1557397489
, 17, , 1557397489
19, , , 1557397490
, , 18, 1557397491
, 17, , 1557397491
18, , , 1557397492
, , 18, 1557397493
, 16, , 1557397493
18, , , 1557397494
, , 17, 1557397495
, 17, , 1557397495
18, , , 1557397496
, , 17, 1557397497
, 17, , 1557397497
18, , , 1557397498
, , 17, 1557397499
, 24, , 1557397500
18, , , 1557397500
, , 17, 1557397501
, 18, , 1557397502
18, , , 1557397502
, , 18, 1557397503
, 21, , 1557397504
18, , , 1557397504
, , 17, 1557397505
, 16, , 1557397506
18, , , 1557397506
, , 17, 1557397508
, 16, , 1557397508
18, , , 1557397508
, , 18, 1557397510
, 17, , 1557397510
18, , , 1557397511
, , 18, 1557397512
, 17, , 1557397512
24, , , 1557397513
, , 18, 1557397514
, 17, , 1557397514
18, , , 1557397515
, , 18, 1557397516
, 17, , 1557397516
22, , , 1557397517
, , 16, 1557397518
, 18, , 1557397518
18, , , 1557397519
, , 17, 1557397520
, 17, , 1557397520
18, , , 1557397521
, , 17, 1557397522
, 17, , 1557397522
18, , , 1557397523
, , 17, 1557397524
, 17, , 1557397524
18, , , 1557397525
, , 17, 1557397526
, 17, , 1557397526
19, , , 1557397527
, , 16, 1557397528
, 17, , 1557397528
18, , , 1557397529
, , 17, 1557397530
, 17, , 1557397530
18, , , 1557397531
, , 17, 1557397532
, 17, , 1557397532
17, , , 1557397533
, , 17, 1557397534
, 17, , 1557397534
19, , , 1557397535
, , 17, 1557397536
, 16, , 1557397537
19, , , 1557397537
, , 17, 1557397538
, 17, , 1557397539
18, , , 1557397539
, , 17, 1557397540
, 17, , 1557397541
18, , , 1557397541
, , 17, 1557397542
, 17, , 1557397543
18, , , 1557397543
, , 17, 1557397544
, 23, , 1557397545
19, , , 1557397545
, , 17, 1557397547
, 18, , 1557397547
18, , , 1557397548
, , 17, 1557397549
, 17, , 1557397549
19, , , 1557397550
, , 17, 1557397551
, 17, , 1557397551
19, , , 1557397552
, , 17, 1557397553
, 17, , 1557397553
18, , , 1557397554
, , 18, 1557397555
, 17, , 1557397555
18, , , 1557397556
, , 17, 1557397557
, 17, , 1557397557
25, , , 1557397558
, , 19, 1557397559
, 16, , 1557397559
23, , , 1557397560
, , 17, 1557397561
, 17, , 1557397561
17, , , 1557397562
, , 17, 1557397563
, 17, , 1557397563
18, , , 1557397564
, , 17, 1557397565
, 17, , 1557397565
19, , , 1557397566
, , 17, 1557397567
, 17, , 1557397567
18, , , 1557397568
, , 17, 1557397569
, 17, , 1557397569
18, , , 1557397570
, , 17, 1557397571
, 17, , 1557397571
18, , , 1557397572
, , 17, 1557397573
, 17, , 1557397573
18, , , 1557397574
, , 17, 1557397575
, 17, , 1557397576
19, , , 1557397576
, , 17, 1557397577
, 17, , 1557397578
19, , , 1557397578
, , 17, 1557397579
, 17, , 1557397580
18, , , 1557397580
, , 17, 1557397581
, 17, , 1557397582
18, , , 1557397582
, , 17, 1557397584
, 17, , 1557397584
18, , , 1557397584
, , 17, 1557397586
, 18, , 1557397586
18, , , 1557397587
, , 17, 1557397588
, 17, , 1557397588
18, , , 1557397589
, , 17, 1557397590
, 17, , 1557397590
18, , , 1557397591
, , 17, 1557397592
, 17, , 1557397592
18, , , 1557397593
, , 17, 1557397594
, 17, , 1557397594
18, , , 1557397595
, , 17, 1557397596
, 17, , 1557397596
18, , , 1557397597
, , 16, 1557397598
, 16, , 1557397598
, , 17, 1557397633
, 17, , 1557397633
18, , , 1557397634
, , 17, 1557397635
, 24, , 1557397635
19, , , 1557397636
, , 17, 1557397637
, 21, , 1557397637
18, , , 1557397638
, , 17, 1557397639
, 17, , 1557397639
18, , , 1557397640
, , 17, 1557397641
, 17, , 1557397641
18, , , 1557397642
, , 17, 1557397643
, 17, , 1557397643
18, , , 1557397644
, , 17, 1557397645
, 16, , 1557397645
19, , , 1557397646
, , 17, 1557397647
, 17, , 1557397647
19, , , 1557397648
, , 17, 1557397649
, 17, , 1557397649
23, , , 1557397650
, , 17, 1557397651
, 16, , 1557397652
20, , , 1557397652
, , 18, 1557397653
, 17, , 1557397654
18, , , 1557397654
, , 17, 1557397655
, 17, , 1557397656
18, , , 1557397656
, , 16, 1557397657
, 22, , 1557397658
18, , , 1557397658
, , 17, 1557397659
, 17, , 1557397660
18, , , 1557397660
, , 17, 1557397662
, 17, , 1557397662
17, , , 1557397663
, , 16, 1557397664
, 17, , 1557397664
18, , , 1557397665
, , 17, 1557397666
, 17, , 1557397666
19, , , 1557397667
, , 17, 1557397668
, 21, , 1557397668
18, , , 1557397669
, , 17, 1557397670
, 17, , 1557397670
19, , , 1557397671
, , 16, 1557397672
, 17, , 1557397672
18, , , 1557397673
, , 16, 1557397674
, 17, , 1557397674
18, , , 1557397675
, , 17, 1557397676
, 17, , 1557397676
18, , , 1557397677
, , 17, 1557397678
, 20, , 1557397678
17, , , 1557397679
, , 17, 1557397680
, 18, , 1557397680
18, , , 1557397681
, , 17, 1557397682
, 18, , 1557397682
18, , , 1557397683
, , 17, 1557397684
, 17, , 1557397684
17, , , 1557397685
, , 17, 1557397686
, 17, , 1557397686
18, , , 1557397687
, , 17, 1557397688
, 17, , 1557397689
18, , , 1557397689
, , 17, 1557397690
, 16, , 1557397691
18, , , 1557397691
, , 17, 1557397692
, 17, , 1557397693
18, , , 1557397693
, , 17, 1557397694
, 17, , 1557397695
19, , , 1557397695
, , 16, 1557397696
, 18, , 1557397697
18, , , 1557397697
, , 17, 1557397699
, 17, , 1557397699
18, , , 1557397699
, , 17, 1557397701
, 17, , 1557397701
18, , , 1557397702
, , 17, 1557397703
, 17, , 1557397703
18, , , 1557397704
, , 17, 1557397705
, 17, , 1557397705
18, , , 1557397706
, , 17, 1557397707
, 18, , 1557397707
18, , , 1557397708
, , 16, 1557397709
, 17, , 1557397709
19, , , 1557397710
, , 17, 1557397711
, 17, , 1557397711
18, , , 1557397712
, , 16, 1557397713
, 17, , 1557397713
18, , , 1557397714
, , 17, 1557397715
, 17, , 1557397715
17, , , 1557397716
, , 17, 1557397717
, 19, , 1557397717
18, , , 1557397718
, , 17, 1557397719
, 17, , 1557397719
18, , , 1557397720
, , 17, 1557397721
, 17, , 1557397721
18, , , 1557397722
, , 17, 1557397723
, 17, , 1557397723
18, , , 1557397724
, , 17, 1557397725
, 23, , 1557397726
18, , , 1557397726
, , 17, 1557397727
, 17, , 1557397728
18, , , 1557397728
, , 17, 1557397729
, 17, , 1557397730
18, , , 1557397730
, , 17, 1557397731
, 17, , 1557397732
18, , , 1557397732
, , 17, 1557397733
, 16, , 1557397734
18, , , 1557397734
, , 17, 1557397735
, 17, , 1557397736
18, , , 1557397736
, , 18, 1557397738
, 17, , 1557397738
18, , , 1557397738
, , 19, 1557397740
, 17, , 1557397740
19, , , 1557397741
, , 17, 1557397742
, 17, , 1557397742
18, , , 1557397743
, , 17, 1557397744
, 17, , 1557397744
17, , , 1557397745
, , 17, 1557397746
, 17, , 1557397746
18, , , 1557397747
, , 17, 1557397748
, 17, , 1557397748
19, , , 1557397749
, , 17, 1557397750
, 17, , 1557397750
18, , , 1557397751
, , 17, 1557397752
, 18, , 1557397752
18, , , 1557397753
, 17, , 1557397793
18, , , 1557397794
, , 17, 1557397795
, 17, , 1557397795
19, , , 1557397796
, , 17, 1557397797
, 17, , 1557397797
18, , , 1557397798
, , 17, 1557397799
, 17, , 1557397799
18, , , 1557397800
, , 17, 1557397801
, 17, , 1557397801
18, , , 1557397802
, , 17, 1557397803
, 17, , 1557397804
18, , , 1557397804
, , 17, 1557397805
, 17, , 1557397806
18, , , 1557397806
, , 17, 1557397807
, 17, , 1557397808
18, , , 1557397808
, , 17, 1557397809
, 17, , 1557397810
18, , , 1557397810
, , 17, 1557397811
, 17, , 1557397812
18, , , 1557397812
, , 17, 1557397814
, 17, , 1557397814
18, , , 1557397814
, , 17, 1557397816
, 17, , 1557397816
19, , , 1557397817
, , 17, 1557397818
, 18, , 1557397818
18, , , 1557397819
, , 17, 1557397820
, 17, , 1557397820
19, , , 1557397821
, , 17, 1557397822
, 17, , 1557397822
18, , , 1557397823
, , 17, 1557397824
, 18, , 1557397824
18, , , 1557397825
, , 17, 1557397826
, 17, , 1557397826
18, , , 1557397827
, , 23, 1557397828
, 17, , 1557397828
24, , , 1557397829
, , 16, 1557397830
, 17, , 1557397830
18, , , 1557397831
, , 17, 1557397832
, 17, , 1557397832
21, , , 1557397833
, , 17, 1557397834
, 17, , 1557397834
18, , , 1557397835
, , 17, 1557397836
, 18, , 1557397836
18, , , 1557397837
, , 18, 1557397838
, 17, , 1557397838
19, , , 1557397839
, , 17, 1557397840
, 17, , 1557397841
18, , , 1557397841
, , 17, 1557397842
, 17, , 1557397843
18, , , 1557397843
, , 17, 1557397844
, 17, , 1557397845
19, , , 1557397845
, , 17, 1557397846
, 18, , 1557397847
19, , , 1557397847
, , 18, 1557397848
, 17, , 1557397849
18, , , 1557397849
, , 17, 1557397850
, 17, , 1557397851
18, , , 1557397851
, , 17, 1557397853
, 16, , 1557397853
18, , , 1557397853
, , 17, 1557397855
, 17, , 1557397855
18, , , 1557397856
, , 17, 1557397857
, 17, , 1557397857
18, , , 1557397858
, , 17, 1557397859
, 17, , 1557397859
18, , , 1557397860
, , 17, 1557397861
, 17, , 1557397861
18, , , 1557397862
, , 17, 1557397863
, 16, , 1557397863
19, , , 1557397864
, , 17, 1557397865
, 18, , 1557397865
18, , , 1557397866
, , 17, 1557397867
, 17, , 1557397867
18, , , 1557397868
, , 17, 1557397869
, 17, , 1557397869
18, , , 1557397870
, , 19, 1557397871
, 17, , 1557397871
18, , , 1557397872
, , 20, 1557397873
, 17, , 1557397873
24, , , 1557397874
, , 17, 1557397875
, 17, , 1557397875
23, , , 1557397876
, , 17, 1557397877
, 17, , 1557397877
20, , , 1557397878
, , 17, 1557397879
, 17, , 1557397880
17, , , 1557397880
, , 17, 1557397881
, 18, , 1557397882
18, , , 1557397882
, , 17, 1557397883
, 16, , 1557397884
19, , , 1557397884
, , 17, 1557397885
, 17, , 1557397886
18, , , 1557397886
, , 16, 1557397887
, 17, , 1557397888
19, , , 1557397888
, , 17, 1557397890
, 17, , 1557397890
18, , , 1557397890
, , 17, 1557397892
, 17, , 1557397892
20, , , 1557397893
, , 17, 1557397894
, 17, , 1557397894
18, , , 1557397895
, , 17, 1557397896
, 17, , 1557397896
19, , , 1557397897
, , 18, 1557397898
, 18, , 1557397898
18, , , 1557397899
, , 17, 1557397900
, 17, , 1557397900
18, , , 1557397901
, , 17, 1557397902
, 17, , 1557397902
18, , , 1557397903
, , 17, 1557397904
, 17, , 1557397904
18, , , 1557397905
, , 17, 1557397906
, 23, , 1557397906
19, , , 1557397907
, , 17, 1557397908
, 17, , 1557397908
18, , , 1557397909
, , 17, 1557397910
, 17, , 1557397910
19, , , 1557397911
, , 17, 1557397912
, 17, , 1557397912
18, , , 1557397913
18, , , 1557397950
, , 17, 1557397951
, 22, , 1557397951
18, , , 1557397952
, , 17, 1557397953
, 17, , 1557397953
18, , , 1557397954
, , 17, 1557397955
, 17, , 1557397956
18, , , 1557397956
, , 17, 1557397957
, 17, , 1557397958
18, , , 1557397958
, , 17, 1557397959
, 17, , 1557397960
19, , , 1557397961
, , 17, 1557397961
, 17, , 1557397962
18, , , 1557397962
, , 18, 1557397963
, 17, , 1557397964
24, , , 1557397964
, , 19, 1557397966
, 17, , 1557397966
24, , , 1557397967
, , 18, 1557397968
, 18, , 1557397968
19, , , 1557397969
, , 17, 1557397970
, 17, , 1557397970
19, , , 1557397971
, , 18, 1557397972
, 17, , 1557397972
18, , , 1557397973
, , 17, 1557397974
, 16, , 1557397974
17, , , 1557397975
, , 17, 1557397976
, 17, , 1557397976
18, , , 1557397977
, , 17, 1557397978
, 17, , 1557397978
18, , , 1557397979
, , 17, 1557397980
, 17, , 1557397980
18, , , 1557397981
, , 17, 1557397982
, 17, , 1557397982
18, , , 1557397983
, , 17, 1557397984
, 17, , 1557397984
18, , , 1557397985
, , 17, 1557397986
, 17, , 1557397986
18, , , 1557397987
, , 17, 1557397988
, 17, , 1557397988
18, , , 1557397989
, , 17, 1557397990
, 17, , 1557397990
, , 17, 1557397992
, 22, , 1557397993
19, , , 1557397993
18, , , 1557397993
, , 17, 1557397994
, 17, , 1557397995
18, , , 1557397995
, , 17, 1557397996
, 18, , 1557397997
19, , , 1557397997
, , 17, 1557397998
, 17, , 1557397999
18, , , 1557397999
, , 17, 1557398000
, 17, , 1557398001
18, , , 1557398001
, , 17, 1557398002
, 17, , 1557398003
17, , , 1557398003
, , 17, 1557398004
, 17, , 1557398005
18, , , 1557398005
, , 18, 1557398007
, 17, , 1557398007
18, , , 1557398008
, , 17, 1557398009
, 17, , 1557398009
23, , , 1557398010
, , 19, 1557398011
, 18, , 1557398011
18, , , 1557398012
, , 17, 1557398013
, 17, , 1557398013
19, , , 1557398014
, , 17, 1557398015
, 17, , 1557398015
18, , , 1557398016
, , 17, 1557398017
, 16, , 1557398017
18, , , 1557398018
, , 17, 1557398019
, 17, , 1557398019
18, , , 1557398020
, , 17, 1557398021
, 17, , 1557398021
18, , , 1557398022
, , 17, 1557398023
, 17, , 1557398023
18, , , 1557398024
, , 17, 1557398025
, 17, , 1557398025
19, , , 1557398026
, , 16, 1557398027
, 17, , 1557398027
18, , , 1557398028
, , 17, 1557398029
, 17, , 1557398029
19, , , 1557398030
, , 17, 1557398031
, 16, , 1557398032
18, , , 1557398032
, , 17, 1557398033
, 17, , 1557398034
18, , , 1557398034
, , 17, 1557398035
, 17, , 1557398036
18, , , 1557398036
, , 17, 1557398037
, 18, , 1557398038
18, , , 1557398038
, , 18, 1557398039
, 18, , 1557398040
18, , , 1557398040
, , 17, 1557398041
, 17, , 1557398042
18, , , 1557398042
, , 17, 1557398044
, 17, , 1557398044
18, , , 1557398044
, , 17, 1557398046
, 17, , 1557398046
18, , , 1557398047
, , 17, 1557398048
, 17, , 1557398048
18, , , 1557398049
, , 17, 1557398050
, 17, , 1557398050
18, , , 1557398051
, , 17, 1557398052
, 17, , 1557398052
17, , , 1557398053
, , 17, 1557398054
, 17, , 1557398054
18, , , 1557398055
, , 17, 1557398056
, 17, , 1557398056
19, , , 1557398057
, , 17, 1557398058
, 17, , 1557398058
18, , , 1557398059
, , 17, 1557398060
, 17, , 1557398060
18, , , 1557398061
, , 17, 1557398062
, 17, , 1557398062
18, , , 1557398063
, , 17, 1557398064
, 17, , 1557398064
19, , , 1557398065
, , 17, 1557398066
, 17, , 1557398066
19, , , 1557398067
, , 24, 1557398068
, 17, , 1557398069
18, , , 1557398069
, , 17, 1557398070
, 17, , 1557398071
19, , , 1557398106
, , 17, 1557398107
, 18, , 1557398108
19, , , 1557398108
, , 18, 1557398109
, 18, , 1557398110
20, , , 1557398110
, , 17, 1557398111
, 17, , 1557398112
20, , , 1557398112
, , 17, 1557398113
, 17, , 1557398114
18, , , 1557398114
, , 16, 1557398115
, 17, , 1557398116
19, , , 1557398116
, , 17, 1557398117
, 17, , 1557398118
18, , , 1557398118
, , 17, 1557398119
, 17, , 1557398120
18, , , 1557398120
, , 17, 1557398122
, 17, , 1557398122
18, , , 1557398123
, , 18, 1557398124
, 17, , 1557398124
18, , , 1557398125
, , 17, 1557398126
, 17, , 1557398126
19, , , 1557398127
, , 16, 1557398128
, 18, , 1557398128
18, , , 1557398129
, , 17, 1557398130
, 17, , 1557398130
19, , , 1557398131
, , 17, 1557398132
, 18, , 1557398132
17, , , 1557398133
, , 17, 1557398134
, 17, , 1557398134
18, , , 1557398135
, , 17, 1557398136
, 17, , 1557398136
18, , , 1557398137
, , 17, 1557398138
, 18, , 1557398138
18, , , 1557398139
, , 17, 1557398140
, 17, , 1557398140
18, , , 1557398141
, , 17, 1557398142
, 17, , 1557398142
18, , , 1557398143
, , 17, 1557398144
, 17, , 1557398145
20, , , 1557398145
, , 19, 1557398146
, 17, , 1557398147
21, , , 1557398147
, , 17, 1557398148
, 17, , 1557398149
21, , , 1557398149
, , 17, 1557398150
, 17, , 1557398151
19, , , 1557398151
, , 17, 1557398152
, 17, , 1557398153
18, , , 1557398153
, , 17, 1557398154
, 17, , 1557398155
18, , , 1557398155
, , 18, 1557398156
, 17, , 1557398157
18, , , 1557398157
, , 17, 1557398159
, 16, , 1557398159
18, , , 1557398159
, , 17, 1557398161
, 16, , 1557398161
18, , , 1557398162
, , 17, 1557398163
, 17, , 1557398163
18, , , 1557398164
, , 17, 1557398165
, 17, , 1557398165
18, , , 1557398166
, , 17, 1557398167
, 17, , 1557398167
18, , , 1557398168
, , 17, 1557398169
, 17, , 1557398169
19, , , 1557398170
, , 18, 1557398171
, 20, , 1557398171
20, , , 1557398172
, , 17, 1557398173
, 19, , 1557398173
18, , , 1557398174
, , 17, 1557398175
, 17, , 1557398175
19, , , 1557398176
, , 20, 1557398177
, 18, , 1557398177
18, , , 1557398178
, , 17, 1557398179
, 18, , 1557398179
19, , , 1557398180
, , 17, 1557398181
, 17, , 1557398181
18, , , 1557398182
, , 17, 1557398183
, 17, , 1557398184
18, , , 1557398184
, , 17, 1557398185
, 17, , 1557398186
18, , , 1557398186
, , 16, 1557398187
, 17, , 1557398188
19, , , 1557398188
, , 17, 1557398189
, 17, , 1557398190
20, , , 1557398190
, , 17, 1557398191
, 17, , 1557398192
19, , , 1557398192
, , 17, 1557398193
, 18, , 1557398194
18, , , 1557398194
, , 17, 1557398195
, 17, , 1557398196
18, , , 1557398196
, , 17, 1557398198
, 17, , 1557398198
18, , , 1557398199
, , 17, 1557398200
, 17, , 1557398200
18, , , 1557398201
, , 18, 1557398202
, 17, , 1557398202
18, , , 1557398203
, , 17, 1557398204
, 17, , 1557398204
18, , , 1557398205
, , 21, 1557398206
, 17, , 1557398206
19, , , 1557398207
, , 17, 1557398208
, 18, , 1557398208
18, , , 1557398209
, , 18, 1557398210
, 17, , 1557398210
20, , , 1557398211
, , 17, 1557398212
, 17, , 1557398212
18, , , 1557398213
, , 17, 1557398214
, 17, , 1557398214
18, , , 1557398215
, , 17, 1557398216
, 17, , 1557398216
18, , , 1557398217
, , 17, 1557398218
, 18, , 1557398218
17, , , 1557398219
, , 17, 1557398220
, 17, , 1557398221
18, , , 1557398221
, , 17, 1557398222
, 17, , 1557398223
18, , , 1557398223
, , 17, 1557398224
, 17, , 1557398225
18, , , 1557398225
, , 17, 1557398226
, 17, , 1557398227
18, , , 1557398227
, , 17, 1557398228
, , 18, 1557398263
, 18, , 1557398264
21, , , 1557398264
, , 19, 1557398265
, 17, , 1557398266
21, , , 1557398266
, , 18, 1557398267
, 19, , 1557398268
20, , , 1557398268
, , 18, 1557398269
, 17, , 1557398270
19, , , 1557398270
, , 18, 1557398271
, 17, , 1557398272
19, , , 1557398272
, , 17, 1557398274
, 17, , 1557398274
19, , , 1557398275
, , 17, 1557398276
, 17, , 1557398276
19, , , 1557398277
, , 17, 1557398278
, 17, , 1557398278
19, , , 1557398279
, , 19, 1557398280
, 17, , 1557398280
21, , , 1557398281
, , 17, 1557398282
, 17, , 1557398282
20, , , 1557398283
, , 18, 1557398284
, 17, , 1557398284
21, , , 1557398285
, , 17, 1557398286
, 17, , 1557398286
19, , , 1557398287
, , 17, 1557398288
, 17, , 1557398288
18, , , 1557398289
, , 17, 1557398290
, 17, , 1557398290
18, , , 1557398291
, , 17, 1557398292
, 16, , 1557398292
18, , , 1557398293
, , 17, 1557398294
, 17, , 1557398294
19, , , 1557398295
, , 16, 1557398296
, 19, , 1557398297
19, , , 1557398297
, , 17, 1557398298
, 17, , 1557398299
18, , , 1557398299
, , 17, 1557398300
, 17, , 1557398301
19, , , 1557398301
, , 17, 1557398302
, 17, , 1557398303
18, , , 1557398303
, , 17, 1557398304
, 17, , 1557398305
18, , , 1557398305
, , 16, 1557398306
, 16, , 1557398307
18, , , 1557398307
, , 18, 1557398308
, 21, , 1557398309
18, , , 1557398309
, , 17, 1557398310
, 18, , 1557398311
19, , , 1557398311
, , 17, 1557398313
, 17, , 1557398313
18, , , 1557398314
, , 17, 1557398315
, 17, , 1557398315
18, , , 1557398316
, , 17, 1557398317
, 16, , 1557398317
18, , , 1557398318
, , 17, 1557398319
, 16, , 1557398319
18, , , 1557398320
, , 17, 1557398321
, 17, , 1557398321
18, , , 1557398322
, , 17, 1557398323
, 17, , 1557398323
22, , , 1557398324
, , 18, 1557398325
, 17, , 1557398325
21, , , 1557398326
, , 18, 1557398327
, 18, , 1557398327
19, , , 1557398328
, , 17, 1557398329
, 17, , 1557398329
18, , , 1557398330
, , 17, 1557398331
, 18, , 1557398331
19, , , 1557398332
, , 18, 1557398333
, 17, , 1557398334
18, , , 1557398334
, , 17, 1557398335
, 18, , 1557398336
19, , , 1557398336
, , 17, 1557398337
, 16, , 1557398338
18, , , 1557398338
, , 17, 1557398339
, 17, , 1557398340
19, , , 1557398340
, , 17, 1557398341
, 17, , 1557398342
18, , , 1557398342
, , 17, 1557398343
, 17, , 1557398344
18, , , 1557398344
, , 17, 1557398345
, 16, , 1557398346
18, , , 1557398346
, , 17, 1557398347
, 17, , 1557398348
18, , , 1557398348
, , 17, 1557398350
, 25, , 1557398350
17, , , 1557398351
, , 16, 1557398352
, 19, , 1557398352
18, , , 1557398353
, , 17, 1557398354
, 19, , 1557398354
18, , , 1557398355
, , 17, 1557398356
, 17, , 1557398356
19, , , 1557398357
, , 17, 1557398358
, 18, , 1557398358
18, , , 1557398359
, , 17, 1557398360
, 17, , 1557398360
18, , , 1557398361
, , 17, 1557398362
, 17, , 1557398362
18, , , 1557398363
, , 17, 1557398364
, 17, , 1557398364
18, , , 1557398365
, , 16, 1557398366
, 17, , 1557398366
18, , , 1557398367
, , 17, 1557398368
, 17, , 1557398368
18, , , 1557398369
, , 21, 1557398370
, 17, , 1557398370
21, , , 1557398371
, , 19, 1557398372
, 17, , 1557398373
21, , , 1557398373
, , 17, 1557398374
, 17, , 1557398375
18, , , 1557398375
, , 17, 1557398376
, 17, , 1557398377
19, , , 1557398377
, , 17, 1557398378
, 17, , 1557398379
18, , , 1557398379
, , 16, 1557398380
, 17, , 1557398381
18, , , 1557398381
, , 17, 1557398382
, 17, , 1557398383
18, , , 1557398383
20, , , 1557398418
, , 17, 1557398419
, 16, , 1557398420
17, , , 1557398420
, , 17, 1557398421
, 17, , 1557398422
18, , , 1557398422
, , 17, 1557398423
, 17, , 1557398424
18, , , 1557398424
, , 17, 1557398425
, 17, , 1557398426
18, , , 1557398427
, , 17, 1557398428
, 17, , 1557398428
18, , , 1557398429
, , 17, 1557398430
, 17, , 1557398430
18, , , 1557398431
, , 17, 1557398432
, 17, , 1557398432
18, , , 1557398433
, , 17, 1557398434
, 17, , 1557398434
18, , , 1557398435
, , 17, 1557398436
, 18, , 1557398436
18, , , 1557398437
, , 17, 1557398438
, 17, , 1557398438
17, , , 1557398439
, , 17, 1557398440
, 17, , 1557398440
18, , , 1557398441
, , 17, 1557398442
, 17, , 1557398442
19, , , 1557398443
, , 17, 1557398444
, 19, , 1557398444
18, , , 1557398445
, , 17, 1557398446
, 24, , 1557398446
19, , , 1557398447
, , 17, 1557398448
, 18, , 1557398449
19, , , 1557398449
, , 17, 1557398450
, 17, , 1557398451
18, , , 1557398451
, , 17, 1557398452
, 18, , 1557398453
18, , , 1557398453
, , 17, 1557398454
, 17, , 1557398455
19, , , 1557398455
, , 17, 1557398456
, 17, , 1557398457
18, , , 1557398457
, , 17, 1557398458
, 17, , 1557398459
18, , , 1557398459
, , 20, 1557398460
, 17, , 1557398461
18, , , 1557398462
, , 17, 1557398462
, 17, , 1557398463
23, , , 1557398463
, , 17, 1557398465
, 17, , 1557398465
19, , , 1557398466
, , 18, 1557398467
, 16, , 1557398467
19, , , 1557398468
, , 17, 1557398469
, 17, , 1557398469
19, , , 1557398470
, , 17, 1557398471
, 17, , 1557398471
18, , , 1557398472
, , 17, 1557398473
, 17, , 1557398473
18, , , 1557398474
, , 17, 1557398475
, 16, , 1557398475
19, , , 1557398476
, , 17, 1557398477
, 18, , 1557398477
18, , , 1557398478
, , 16, 1557398479
, 17, , 1557398479
18, , , 1557398480
, , 17, 1557398481
, 17, , 1557398481
18, , , 1557398482
, , 17, 1557398483
, 16, , 1557398483
18, , , 1557398484
, , 17, 1557398485
, 22, , 1557398485
18, , , 1557398486
, , 17, 1557398487
, 17, , 1557398488
18, , , 1557398488
, , 17, 1557398489
, 17, , 1557398490
18, , , 1557398490
, , 17, 1557398491
, 17, , 1557398492
18, , , 1557398492
, , 18, 1557398493
, 17, , 1557398494
21, , , 1557398494
, , 17, 1557398495
, 17, , 1557398496
20, , , 1557398496
, , 17, 1557398497
, 18, , 1557398498
18, , , 1557398498
, , 17, 1557398499
, 16, , 1557398500
18, , , 1557398500
, , 17, 1557398501
, 17, , 1557398502
18, , , 1557398502
, , 17, 1557398504
, 17, , 1557398504
18, , , 1557398505
, , 21, 1557398506
, 17, , 1557398506
18, , , 1557398507
, , 20, 1557398508
, 18, , 1557398508
18, , , 1557398509
, , 19, 1557398510
, 17, , 1557398510
18, , , 1557398511
, , 17, 1557398512
, 16, , 1557398512
18, , , 1557398513
, , 17, 1557398514
, 16, , 1557398514
18, , , 1557398515
, , 17, 1557398516
, 17, , 1557398516
18, , , 1557398517
, , 17, 1557398518
, 17, , 1557398518
19, , , 1557398519
, , 17, 1557398520
, 17, , 1557398520
18, , , 1557398521
, , 17, 1557398522
18, , , 1557398523
, , 17, 1557398524
, 17, , 1557398525
, 17, , 1557398525
18, , , 1557398525
, , 17, 1557398526
, 18, , 1557398527
18, , , 1557398527
, , 17, 1557398528
, 17, , 1557398529
18, , , 1557398529
, , 17, 1557398530
, 17, , 1557398531
18, , , 1557398531
, , 17, 1557398532
, 16, , 1557398533
18, , , 1557398533
, , 16, 1557398534
, 20, , 1557398535
18, , , 1557398535
, , 18, 1557398536
, 18, , 1557398537
19, , , 1557398537
, , 17, 1557398538
18, , , 1557398574
, , 17, 1557398575
, 17, , 1557398576
18, , , 1557398576
, , 17, 1557398577
, 17, , 1557398578
19, , , 1557398578
, , 17, 1557398580
, 17, , 1557398580
18, , , 1557398581
, , 17, 1557398582
, 17, , 1557398582
18, , , 1557398583
, , 17, 1557398584
, 16, , 1557398584
18, , , 1557398585
, , 17, 1557398586
, 17, , 1557398586
18, , , 1557398587
, , 17, 1557398588
, 17, , 1557398588
18, , , 1557398589
, , 17, 1557398590
, 17, , 1557398590
18, , , 1557398591
, , 17, 1557398592
, 17, , 1557398592
18, , , 1557398593
, , 17, 1557398594
, 17, , 1557398594
25, , , 1557398595
, , 16, 1557398596
, 17, , 1557398596
20, , , 1557398597
, , 20, 1557398598
, 17, , 1557398598
19, , , 1557398599
, , 17, 1557398600
, 16, , 1557398601
20, , , 1557398601
, , 17, 1557398602
, 17, , 1557398603
18, , , 1557398603
, , 17, 1557398604
, 17, , 1557398605
18, , , 1557398605
, , 17, 1557398606
, 17, , 1557398607
18, , , 1557398607
, , 17, 1557398608
, 17, , 1557398609
19, , , 1557398609
, , 17, 1557398610
, 17, , 1557398611
18, , , 1557398611
, , 17, 1557398612
, 16, , 1557398613
18, , , 1557398613
, , 17, 1557398614
, 16, , 1557398615
18, , , 1557398615
, , 17, 1557398616
, 17, , 1557398617
18, , , 1557398617
, , 17, 1557398619
, 17, , 1557398619
17, , , 1557398620
, , 17, 1557398621
, 17, , 1557398621
18, , , 1557398622
, , 17, 1557398623
, 22, , 1557398623
18, , , 1557398624
, , 17, 1557398625
, 17, , 1557398625
20, , , 1557398626
, , 18, 1557398627
, 17, , 1557398627
20, , , 1557398628
, , 18, 1557398629
, 17, , 1557398629
19, , , 1557398630
, , 17, 1557398631
, 17, , 1557398631
18, , , 1557398632
, , 17, 1557398633
, 18, , 1557398633
17, , , 1557398634
, , 17, 1557398635
, 17, , 1557398635
18, , , 1557398636
, , 17, 1557398637
, 17, , 1557398637
18, , , 1557398638
, , 17, 1557398639
, 18, , 1557398640
19, , , 1557398640
, , 17, 1557398641
, 18, , 1557398642
22, , , 1557398642
, , 17, 1557398643
, 17, , 1557398644
19, , , 1557398644
, , 17, 1557398645
, 17, , 1557398646
18, , , 1557398646
, , 17, 1557398647
, 17, , 1557398648
18, , , 1557398648
, , 17, 1557398649
, 17, , 1557398650
